template_segment, tries_left, position, kmer, counts
1, 99, Start, AGATCGGAAG, 12778
1, 99, Start, GATCGGAAGA, 6747
1, 99, Start, ATCGGAAGAG, 495
1, 99, Start, GATCGGGAGA, 429
1, 99, Start, TCGGAAGAGC, 401
1, 99, Start, GATCGGAAAA, 292
1, 99, Start, CGGAAGAGCG, 273
1, 99, Start, AATGATACGG, 223
1, 99, Start, GGAAGAGCGT, 196
1, 99, Start, GATCGGAAGG, 184
1, 99, Start, GATCGGGAAA, 180
1, 99, Start, ATCGGCGGGG, 168
1, 99, Start, GAACGGGAAA, 142
1, 99, Start, GAAGAGCGTC, 131
1, 99, Start, GAACGGGAGA, 130
1, 99, Start, AACGGCGGGG, 128
1, 99, Start, ATCGGCTGGG, 123
1, 99, Start, GAACGGAAGA, 121
1, 99, Start, AGATCGGGAG, 119
1, 99, Start, AAGAGCGTCG, 111
1, 99, Start, GATTGGAAGA, 109
1, 99, Start, ATCGGCAGGG, 108
1, 99, Start, ATTGGCGGGG, 106
1, 99, Start, TAGATCGGAA, 94
1, 99, Start, GAGATCGGAA, 94
1, 99, Start, AAGATCGGAA, 89
1, 99, Start, AATGGCGGGG, 82
1, 99, Start, GATTGGGAGA, 80
1, 99, Start, GAATGGGAAA, 78
1, 99, Start, AGTGGCTGGG, 77
1, 99, Start, AGATCGGCAG, 77
1, 99, Start, AGATCGGAAA, 74
1, 99, Start, CAGATCGGAA, 71
1, 99, Start, GATCGGGAGG, 69
1, 99, Start, AGCGGCGGGG, 69
1, 99, Start, AGATAGGAAG, 67
1, 99, Start, AGAGCGTCGT, 66
1, 99, Start, GGACGGGAAA, 62
1, 99, Start, AGCGGCTGGG, 62
1, 99, Start, AACGGCTGGG, 62
1, 99, Start, GAACGGAAAA, 61
1, 99, Start, AGTGGCGGGG, 60
1, 99, Start, GGATCGGAAA, 59
1, 99, Start, GGATGGGAAA, 57
1, 99, Start, GATTGGGAAA, 57
1, 99, Start, GAGCGTCGTG, 51
1, 99, Start, AATGGCTGGG, 51
1, 99, Start, AGTGGCAGGG, 50
1, 99, Start, ATCGGCTTTT, 48
1, 99, Start, AGATCAGAAG, 48
1, 99, Start, ATTGGCTGGG, 47
1, 99, Start, ACTGGCGGGG, 47
1, 99, Start, GGACCGGAAA, 44
1, 99, Start, AGATTGGAAG, 44
1, 99, Start, GGATCGGAAG, 43
1, 99, Start, GATTGGAAAA, 41
1, 99, Start, GATCCGGAGA, 41
1, 99, Start, CGATCGGAAG, 41
1, 99, Start, AGAGCGGAAG, 41
1, 99, Start, GAATCGGAAA, 40
1, 99, Start, AGATCGAAAG, 39
1, 99, Start, ACTGGCTGGG, 39
1, 99, Start, AACGGCAGGG, 39
1, 99, Start, GAATGGGAGA, 38
1, 99, Start, GAACCGGAAA, 38
1, 99, Start, TATGGCGGGG, 36
1, 99, Start, AGAACGGAAG, 36
1, 99, Start, GATCCGAAGA, 35
1, 99, Start, GAACCGGAGA, 35
1, 99, Start, GGTCGGGAGA, 34
1, 99, Start, GATCGGGAAG, 34
1, 99, Start, GATCCGGAAA, 34
1, 99, Start, GAACGGGAGG, 34
1, 99, Start, ATCGGCTCCC, 34
1, 99, Start, AGCGTCGTGT, 33
1, 99, Start, AATGGCAGGG, 33
1, 99, Start, TTTATGGCGG, 32
1, 99, Start, GGATGGGAGA, 32
1, 99, Start, GGACGGGAGA, 32
1, 99, Start, GAATGGGAAG, 32
1, 99, Start, AGCGGCAGGG, 32
1, 99, Start, GGATCGGAGA, 31
1, 99, Start, AGGTCGGAAG, 31
1, 99, Start, GTGGCTGGGG, 30
1, 99, Start, AGCTCGGAAG, 30
1, 99, Start, AGATCGCAAG, 30
1, 99, Start, ACTGGCAGGG, 30
1, 99, Start, GGTTGGGAGA, 28
1, 99, Start, GGTTCGGAAA, 28
1, 99, Start, GGTCGGAAGA, 28
1, 99, Start, GATCGGAAAG, 28
1, 99, Start, AGATGGGAAG, 28
1, 99, Start, TATCGGCGGG, 27
1, 99, Start, GGTCGGGAAA, 27
1, 99, Start, ACTGGCGGGT, 27
1, 99, Start, AACGGCGGGT, 27
1, 99, Start, TAACGGCGGG, 26
1, 99, Start, AGATCGGAAC, 26
1, 99, Start, TATCGGCTGG, 25
1, 99, Start, GAATGGAAGA, 25
1, 99, Left1, AAGATCGGAA, 751
1, 99, Left1, CAGATCGGAA, 800
1, 99, Left1, GAGATCGGAA, 929
1, 99, Left1, TAGATCGGAA, 969
1, 99, Right1, GATCGGAAGA, 22267
1, 99, Right1, GATCGGAAGC, 85
1, 99, Right1, GATCGGAAGG, 367
1, 99, Right1, GATCGGAAGT, 23
1, 99, Right2, ATCGGAAGAA, 134
1, 99, Right2, ATCGGAAGAC, 42
1, 99, Right2, ATCGGAAGAG, 22175
1, 99, Right2, ATCGGAAGAT, 17
1, 99, Right3, TCGGAAGAGA, 97
1, 99, Right3, TCGGAAGAGC, 21330
1, 99, Right3, TCGGAAGAGG, 731
1, 99, Right3, TCGGAAGAGT, 45
1, 99, Right4, CGGAAGAGCA, 90
1, 99, Right4, CGGAAGAGCC, 58
1, 99, Right4, CGGAAGAGCG, 21200
1, 99, Right4, CGGAAGAGCT, 33
1, 99, Right5, GGAAGAGCGA, 40
1, 99, Right5, GGAAGAGCGC, 273
1, 99, Right5, GGAAGAGCGG, 823
1, 99, Right5, GGAAGAGCGT, 20072
1, 99, Right6, GAAGAGCGTA, 43
1, 99, Right6, GAAGAGCGTC, 19816
1, 99, Right6, GAAGAGCGTG, 73
1, 99, Right6, GAAGAGCGTT, 74
1, 99, Right7, AAGAGCGTCA, 56
1, 99, Right7, AAGAGCGTCC, 47
1, 99, Right7, AAGAGCGTCG, 19538
1, 99, Right7, AAGAGCGTCT, 34
1, 99, Right8, AGAGCGTCGA, 27
1, 99, Right8, AGAGCGTCGC, 89
1, 99, Right8, AGAGCGTCGG, 724
1, 99, Right8, AGAGCGTCGT, 18577
1, 99, Right9, GAGCGTCGTA, 65
1, 99, Right9, GAGCGTCGTC, 18
1, 99, Right9, GAGCGTCGTG, 18292
1, 99, Right9, GAGCGTCGTT, 35
1, 99, Right10, AGCGTCGTGA, 66
1, 99, Right10, AGCGTCGTGC, 45
1, 99, Right10, AGCGTCGTGG, 310
1, 99, Right10, AGCGTCGTGT, 17769
1, 99, Right11, GCGTCGTGTA, 17466
1, 99, Right11, GCGTCGTGTC, 27
1, 99, Right11, GCGTCGTGTG, 161
1, 99, Right11, GCGTCGTGTT, 50
1, 99, Right12, CGTCGTGTAA, 48
1, 99, Right12, CGTCGTGTAC, 8
1, 99, Right12, CGTCGTGTAG, 17347
1, 99, Right12, CGTCGTGTAT, 8
1, 99, Right13, GTCGTGTAGA, 63
1, 99, Right13, GTCGTGTAGC, 7
1, 99, Right13, GTCGTGTAGG, 17218
1, 99, Right13, GTCGTGTAGT, 10
1, 99, Right14, TCGTGTAGGA, 79
1, 99, Right14, TCGTGTAGGC, 11
1, 99, Right14, TCGTGTAGGG, 17026
1, 99, Right14, TCGTGTAGGT, 3
1, 99, Right15, CGTGTAGGGA, 16902
1, 99, Right15, CGTGTAGGGC, 51
1, 99, Right15, CGTGTAGGGG, 322
1, 99, Right15, CGTGTAGGGT, 19
1, 99, Right16, GTGTAGGGAA, 16793
1, 99, Right16, GTGTAGGGAC, 33
1, 99, Right16, GTGTAGGGAG, 21
1, 99, Right16, GTGTAGGGAT, 6
1, 99, Right17, TGTAGGGAAA, 16625
1, 99, Right17, TGTAGGGAAC, 25
1, 99, Right17, TGTAGGGAAG, 52
1, 99, Right17, TGTAGGGAAT, 3
1, 99, Right18, GTAGGGAAAA, 167
1, 99, Right18, GTAGGGAAAC, 7
1, 99, Right18, GTAGGGAAAG, 17070
1, 99, Right18, GTAGGGAAAT, 7
1, 99, Right19, TAGGGAAAGA, 16864
1, 99, Right19, TAGGGAAAGC, 22
1, 99, Right19, TAGGGAAAGG, 172
1, 99, Right19, TAGGGAAAGT, 13
1, 99, Right20, AGGGAAAGAA, 32
1, 99, Right20, AGGGAAAGAC, 13
1, 99, Right20, AGGGAAAGAG, 17310
1, 99, Right20, AGGGAAAGAT, 22
1, 99, Right21, GGGAAAGAGA, 139
1, 99, Right21, GGGAAAGAGC, 141
1, 99, Right21, GGGAAAGAGG, 1971
1, 99, Right21, GGGAAAGAGT, 15497
1, 99, Right22, GGAAAGAGTA, 11
1, 99, Right22, GGAAAGAGTC, 11
1, 99, Right22, GGAAAGAGTG, 15504
1, 99, Right22, GGAAAGAGTT, 18
1, 99, Right23, GAAAGAGTGA, 61
1, 99, Right23, GAAAGAGTGC, 37
1, 99, Right23, GAAAGAGTGG, 208
1, 99, Right23, GAAAGAGTGT, 15238
1, 99, Right24, AAAGAGTGTA, 15245
1, 99, Right24, AAAGAGTGTC, 131
1, 99, Right24, AAAGAGTGTG, 16
1, 99, Right24, AAAGAGTGTT, 16
1, 99, Right25, AAGAGTGTAA, 17
1, 99, Right25, AAGAGTGTAC, 13
1, 99, Right25, AAGAGTGTAG, 15315
1, 99, Right25, AAGAGTGTAT, 9
1, 99, Right26, AGAGTGTAGA, 15250
1, 99, Right26, AGAGTGTAGC, 10
1, 99, Right26, AGAGTGTAGG, 28
1, 99, Right26, AGAGTGTAGT, 7
1, 99, Right27, GAGTGTAGAA, 23
1, 99, Right27, GAGTGTAGAC, 16
1, 99, Right27, GAGTGTAGAG, 18
1, 99, Right27, GAGTGTAGAT, 15189
1, 99, Right28, AGTGTAGATA, 21
1, 99, Right28, AGTGTAGATC, 15127
1, 99, Right28, AGTGTAGATG, 18
1, 99, Right28, AGTGTAGATT, 47
1, 99, Right29, GTGTAGATCA, 5
1, 99, Right29, GTGTAGATCC, 22
1, 99, Right29, GTGTAGATCG, 15
1, 99, Right29, GTGTAGATCT, 15125
1, 99, Right30, TGTAGATCTA, 17
1, 99, Right30, TGTAGATCTC, 15055
1, 99, Right30, TGTAGATCTG, 22
1, 99, Right30, TGTAGATCTT, 14
1, 99, Right31, GTAGATCTCA, 3
1, 99, Right31, GTAGATCTCC, 35
1, 99, Right31, GTAGATCTCG, 16661
1, 99, Right31, GTAGATCTCT, 6
1, 99, Right32, TAGATCTCGA, 1
1, 99, Right32, TAGATCTCGC, 6
1, 99, Right32, TAGATCTCGG, 16627
1, 99, Right32, TAGATCTCGT, 6
1, 99, Right33, AGATCTCGGA, 25
1, 99, Right33, AGATCTCGGC, 68
1, 99, Right33, AGATCTCGGG, 1152
1, 99, Right33, AGATCTCGGT, 16153
1, 99, Right34, GATCTCGGTA, 17
1, 99, Right34, GATCTCGGTC, 3
1, 99, Right34, GATCTCGGTG, 16155
1, 99, Right34, GATCTCGGTT, 8
1, 99, Right35, ATCTCGGTGA, 91
1, 99, Right35, ATCTCGGTGC, 13
1, 99, Right35, ATCTCGGTGG, 16136
1, 99, Right35, ATCTCGGTGT, 6
1, 99, Right36, TCTCGGTGGA, 35
1, 99, Right36, TCTCGGTGGC, 209
1, 99, Right36, TCTCGGTGGG, 1010
1, 99, Right36, TCTCGGTGGT, 15027
1, 99, Right37, CTCGGTGGTA, 37
1, 99, Right37, CTCGGTGGTC, 14886
1, 99, Right37, CTCGGTGGTG, 240
1, 99, Right37, CTCGGTGGTT, 38
1, 99, Right38, TCGGTGGTCA, 11
1, 99, Right38, TCGGTGGTCC, 74
1, 99, Right38, TCGGTGGTCG, 14867
1, 99, Right38, TCGGTGGTCT, 13
1, 99, Right39, CGGTGGTCGA, 19
1, 99, Right39, CGGTGGTCGC, 14794
1, 99, Right39, CGGTGGTCGG, 78
1, 99, Right39, CGGTGGTCGT, 17
1, 99, Right40, GGTGGTCGCA, 21
1, 99, Right40, GGTGGTCGCC, 14784
1, 99, Right40, GGTGGTCGCG, 46
1, 99, Right40, GGTGGTCGCT, 12
1, 99, Right41, GTGGTCGCCA, 9
1, 99, Right41, GTGGTCGCCC, 65
1, 99, Right41, GTGGTCGCCG, 14715
1, 99, Right41, GTGGTCGCCT, 13
1, 99, Right42, TGGTCGCCGA, 42
1, 99, Right42, TGGTCGCCGC, 115
1, 99, Right42, TGGTCGCCGG, 265
1, 99, Right42, TGGTCGCCGT, 14321
1, 99, Right43, GGTCGCCGTA, 14513
1, 99, Right43, GGTCGCCGTC, 36
1, 99, Right43, GGTCGCCGTG, 27
1, 99, Right43, GGTCGCCGTT, 47
1, 99, Right44, GTCGCCGTAA, 14
1, 99, Right44, GTCGCCGTAC, 15
1, 99, Right44, GTCGCCGTAG, 9
1, 99, Right44, GTCGCCGTAT, 14492
1, 99, Right45, TCGCCGTATA, 54
1, 99, Right45, TCGCCGTATC, 14382
1, 99, Right45, TCGCCGTATG, 10
1, 99, Right45, TCGCCGTATT, 64
1, 99, Right46, CGCCGTATCA, 15021
1, 99, Right46, CGCCGTATCC, 130
1, 99, Right46, CGCCGTATCG, 26
1, 99, Right46, CGCCGTATCT, 21
1, 99, Right47, GCCGTATCAA, 8
1, 99, Right47, GCCGTATCAC, 19
1, 99, Right47, GCCGTATCAG, 10
1, 99, Right47, GCCGTATCAT, 15155
1, 99, Right48, CCGTATCATA, 1
1, 99, Right48, CCGTATCATC, 17
1, 99, Right48, CCGTATCATG, 2
1, 99, Right48, CCGTATCATT, 15210
1, 99, Right49, CGTATCATTA, 15127
1, 99, Right49, CGTATCATTC, 37
1, 99, Right49, CGTATCATTG, 12
1, 99, Right49, CGTATCATTT, 123
1, 99, Right50, GTATCATTAA, 15120
1, 99, Right50, GTATCATTAC, 22
1, 99, Right50, GTATCATTAG, 5
1, 99, Right50, GTATCATTAT, 3
1, 99, Right51, TATCATTAAA, 15183
1, 99, Right51, TATCATTAAC, 24
1, 99, Right51, TATCATTAAG, 2
1, 99, Right51, TATCATTAAT, 13
1, 99, Right52, ATCATTAAAA, 16027
1, 99, Right52, ATCATTAAAC, 26
1, 99, Right52, ATCATTAAAG, 13
1, 99, Right52, ATCATTAAAT, 4
1, 99, Right53, TCATTAAAAA, 16359
1, 99, Right53, TCATTAAAAC, 51
1, 99, Right53, TCATTAAAAG, 10
1, 99, Right53, TCATTAAAAT, 21
1, 99, Right54, CATTAAAAAA, 16487
1, 99, Right54, CATTAAAAAC, 95
1, 99, Right54, CATTAAAAAG, 29
1, 99, Right54, CATTAAAAAT, 41
1, 99, Right55, ATTAAAAAAA, 16688
1, 99, Right55, ATTAAAAAAC, 422
1, 99, Right55, ATTAAAAAAG, 261
1, 99, Right55, ATTAAAAAAT, 247
1, 99, Right56, TTAAAAAAAA, 19032
1, 99, Right56, TTAAAAAAAC, 920
1, 99, Right56, TTAAAAAAAG, 705
1, 99, Right56, TTAAAAAAAT, 598
1, 99, Right57, TAAAAAAAAA, 16742
1, 99, Right57, TAAAAAAAAC, 1488
1, 99, Right57, TAAAAAAAAG, 967
1, 99, Right57, TAAAAAAAAT, 862
1, 99, Right58, AAAAAAAAAA, 47714
1, 99, Right58, AAAAAAAAAC, 8164
1, 99, Right58, AAAAAAAAAG, 6115
1, 99, Right58, AAAAAAAAAT, 4131
0, 99, Start, GATCGGAAGA, 12912
0, 99, Start, AGATCGGAAG, 12570
0, 99, Start, ATCGGAAGAG, 495
0, 99, Start, TCGGAAGAGC, 385
0, 99, Start, CGGAAGAGCA, 251
0, 99, Start, GGAAGAGCAC, 218
0, 99, Start, AGATCGGGAG, 174
0, 99, Start, AAGAGCACAC, 154
0, 99, Start, CGGTGGTCGC, 140
0, 99, Start, AGATCGGCAG, 130
0, 99, Start, GAAGAGCACA, 129
0, 99, Start, AGAGCACACG, 110
0, 99, Start, TAGATCGGAA, 91
0, 99, Start, CAGATCGGAA, 80
0, 99, Start, GAGATCGGAA, 65
0, 99, Start, AAGATCGGAA, 64
0, 99, Start, AGATTGGAAG, 63
0, 99, Start, AGATCGGACG, 63
0, 99, Start, AGATAGGAAG, 60
0, 99, Start, AGATCCGAAG, 55
0, 99, Start, AGCACACGTC, 54
0, 99, Start, GAGCACACGT, 52
0, 99, Start, AGCTCGGAAG, 51
0, 99, Start, AGATCTGAAG, 49
0, 99, Start, AGATCGGAAA, 41
0, 99, Start, AGATCAGAAG, 41
0, 99, Start, AGAGCGGAAG, 40
0, 99, Start, GATTGGAAGA, 36
0, 99, Start, CGATCGGAAG, 33
0, 99, Start, GATCGGAAGG, 32
0, 99, Start, AGGTCGGAAG, 32
0, 99, Start, GATCGGCAGA, 31
0, 99, Start, GATCGGGAGA, 30
0, 99, Start, AGATCGGAAC, 29
0, 99, Start, GCACACGTCT, 28
0, 99, Start, TTCAGACGTG, 24
0, 99, Start, GAATCGGAAG, 24
0, 99, Start, AGATCGCAAG, 23
0, 99, Start, GGATCGGAAG, 22
0, 99, Start, CAGACGTGTG, 22
0, 99, Start, AGAACGGAAG, 22
0, 99, Start, AGATACGAAG, 20
0, 99, Start, ATCGGCAGAG, 19
0, 99, Start, AGTTCAGACG, 19
0, 99, Start, GATCGGAAGC, 18
0, 99, Start, AAAGATCGGA, 17
0, 99, Start, TGATCGGAAG, 16
0, 99, Start, TCAGACGTGT, 16
0, 99, Start, ATCGGAAGCG, 16
0, 99, Start, AGATCGGTAG, 16
0, 99, Start, AGATCCGCAG, 16
0, 99, Start, ACATCGGAAG, 16
0, 99, Start, GATCGGAACA, 15
0, 99, Start, CGAGATCGGA, 15
0, 99, Start, ATCGGGAGAG, 15
0, 99, Start, AGATCGTAAG, 15
0, 99, Start, AGGTCGGGAG, 14
0, 99, Start, ACGCTCTTCC, 14
0, 99, Start, TCGGAAGAGA, 13
0, 99, Start, CACACGTCTG, 13
0, 99, Start, GGAGTTCAGA, 12
0, 99, Start, ATAGATCGGA, 12
0, 99, Start, AGATGGGAAG, 12
0, 99, Start, AGATCGGACA, 12
0, 99, Start, AGATCGGAAT, 12
0, 99, Start, TCGGGAGAGC, 11
0, 99, Start, GATCTGAAGA, 11
0, 99, Start, GATCGGAAAG, 11
0, 99, Start, CAAGATCGGA, 11
0, 99, Start, ATATCGGAAG, 11
0, 99, Start, AGATCGGAGG, 11
0, 99, Start, AGATCCGGAG, 11
0, 99, Start, AGAGCGGGAG, 11
0, 99, Start, ACACGTCTGA, 11
0, 99, Start, TTTGTTTTTG, 10
0, 99, Start, TTAGATCGGA, 10
0, 99, Start, TGAGATCGGA, 10
0, 99, Start, GATAGGAAGA, 10
0, 99, Start, CGATGGTCGC, 10
0, 99, Start, AGACCGGAAG, 10
0, 99, Start, TGAGCAAACT, 9
0, 99, Start, TCGGCAGAGC, 9
0, 99, Start, TAAGATCGGA, 9
0, 99, Start, GATCGTAAGA, 9
0, 99, Start, AGATTGGGAG, 9
0, 99, Start, AGATCGAAAG, 9
0, 99, Start, AGATCAGCAG, 9
0, 99, Start, AGATAGGGAG, 9
0, 99, Start, AGAGATCGGA, 9
0, 99, Start, ACTCCAGTCA, 9
0, 99, Start, AATCGGAAGA, 9
0, 99, Start, TTTTGTTCAA, 8
0, 99, Start, TGAAGACTGC, 8
0, 99, Start, TCGGAAGCGC, 8
0, 99, Start, TCAGATCGGA, 8
0, 99, Start, GTTGAATATG, 8
0, 99, Start, GTTCAGACGT, 8
0, 99, Start, GGTCGGAAGA, 8
0, 99, Start, GATCAGAAGA, 8
0, 99, Start, CGTTTGCTGC, 8
0, 99, Left1, AGATCGGAAG, 15881
0, 99, Left1, CGATCGGAAG, 51
0, 99, Left1, GGATCGGAAG, 35
0, 99, Left1, TGATCGGAAG, 32
0, 99, Left2, AAGATCGGAA, 716
0, 99, Left2, CAGATCGGAA, 748
0, 99, Left2, GAGATCGGAA, 824
0, 99, Left2, TAGATCGGAA, 1101
0, 99, Right1, ATCGGAAGAA, 57
0, 99, Right1, ATCGGAAGAC, 65
0, 99, Right1, ATCGGAAGAG, 28251
0, 99, Right1, ATCGGAAGAT, 34
0, 99, Right2, TCGGAAGAGA, 209
0, 99, Right2, TCGGAAGAGC, 27862
0, 99, Right2, TCGGAAGAGG, 117
0, 99, Right2, TCGGAAGAGT, 115
0, 99, Right3, CGGAAGAGCA, 27677
0, 99, Right3, CGGAAGAGCC, 96
0, 99, Right3, CGGAAGAGCG, 22
0, 99, Right3, CGGAAGAGCT, 14
0, 99, Right4, GGAAGAGCAA, 146
0, 99, Right4, GGAAGAGCAC, 27456
0, 99, Right4, GGAAGAGCAG, 40
0, 99, Right4, GGAAGAGCAT, 51
0, 99, Right5, GAAGAGCACA, 27202
0, 99, Right5, GAAGAGCACC, 76
0, 99, Right5, GAAGAGCACG, 44
0, 99, Right5, GAAGAGCACT, 10
0, 99, Right6, AAGAGCACAA, 97
0, 99, Right6, AAGAGCACAC, 26920
0, 99, Right6, AAGAGCACAG, 27
0, 99, Right6, AAGAGCACAT, 106
0, 99, Right7, AGAGCACACA, 69
0, 99, Right7, AGAGCACACC, 81
0, 99, Right7, AGAGCACACG, 26716
0, 99, Right7, AGAGCACACT, 43
0, 99, Right8, GAGCACACGA, 24
0, 99, Right8, GAGCACACGC, 167
0, 99, Right8, GAGCACACGG, 92
0, 99, Right8, GAGCACACGT, 26224
0, 99, Right9, AGCACACGTA, 37
0, 99, Right9, AGCACACGTC, 25924
0, 99, Right9, AGCACACGTG, 32
0, 99, Right9, AGCACACGTT, 137
0, 99, Right10, GCACACGTCA, 13
0, 99, Right10, GCACACGTCC, 68
0, 99, Right10, GCACACGTCG, 31
0, 99, Right10, GCACACGTCT, 25733
0, 99, Right11, CACACGTCTA, 35
0, 99, Right11, CACACGTCTC, 58
0, 99, Right11, CACACGTCTG, 25465
0, 99, Right11, CACACGTCTT, 46
0, 99, Right12, ACACGTCTGA, 25282
0, 99, Right12, ACACGTCTGC, 125
0, 99, Right12, ACACGTCTGG, 52
0, 99, Right12, ACACGTCTGT, 36
0, 99, Right13, CACGTCTGAA, 25075
0, 99, Right13, CACGTCTGAC, 57
0, 99, Right13, CACGTCTGAG, 9
0, 99, Right13, CACGTCTGAT, 4
0, 99, Right14, ACGTCTGAAA, 71
0, 99, Right14, ACGTCTGAAC, 24869
0, 99, Right14, ACGTCTGAAG, 10
0, 99, Right14, ACGTCTGAAT, 99
0, 99, Right15, CGTCTGAACA, 9
0, 99, Right15, CGTCTGAACC, 60
0, 99, Right15, CGTCTGAACG, 18
0, 99, Right15, CGTCTGAACT, 24732
0, 99, Right16, GTCTGAACTA, 66
0, 99, Right16, GTCTGAACTC, 24555
0, 99, Right16, GTCTGAACTG, 26
0, 99, Right16, GTCTGAACTT, 100
0, 99, Right17, TCTGAACTCA, 96
0, 99, Right17, TCTGAACTCC, 24287
0, 99, Right17, TCTGAACTCG, 10
0, 99, Right17, TCTGAACTCT, 100
0, 99, Right18, CTGAACTCCA, 24199
0, 99, Right18, CTGAACTCCC, 87
0, 99, Right18, CTGAACTCCG, 25
0, 99, Right18, CTGAACTCCT, 11
0, 99, Right19, TGAACTCCAA, 35
0, 99, Right19, TGAACTCCAC, 19
0, 99, Right19, TGAACTCCAG, 24198
0, 99, Right19, TGAACTCCAT, 25
0, 99, Right20, GAACTCCAGA, 22
0, 99, Right20, GAACTCCAGC, 136
0, 99, Right20, GAACTCCAGG, 48
0, 99, Right20, GAACTCCAGT, 23945
0, 99, Right21, AACTCCAGTA, 46
0, 99, Right21, AACTCCAGTC, 23828
0, 99, Right21, AACTCCAGTG, 14
0, 99, Right21, AACTCCAGTT, 86
0, 99, Right22, ACTCCAGTCA, 23800
0, 99, Right22, ACTCCAGTCC, 47
0, 99, Right22, ACTCCAGTCG, 6
0, 99, Right22, ACTCCAGTCT, 2
0, 99, Right23, CTCCAGTCAA, 52
0, 99, Right23, CTCCAGTCAC, 23699
0, 99, Right23, CTCCAGTCAG, 18
0, 99, Right23, CTCCAGTCAT, 22
0, 99, Right24, TCCAGTCACA, 31
0, 99, Right24, TCCAGTCACC, 23680
0, 99, Right24, TCCAGTCACG, 53
0, 99, Right24, TCCAGTCACT, 17
0, 99, Right25, CCAGTCACCA, 23613
0, 99, Right25, CCAGTCACCC, 40
0, 99, Right25, CCAGTCACCG, 34
0, 99, Right25, CCAGTCACCT, 8
0, 99, Right26, CAGTCACCAA, 11
0, 99, Right26, CAGTCACCAC, 33
0, 99, Right26, CAGTCACCAG, 23684
0, 99, Right26, CAGTCACCAT, 12
0, 99, Right27, AGTCACCAGA, 23723
0, 99, Right27, AGTCACCAGC, 50
0, 99, Right27, AGTCACCAGG, 11
0, 99, Right27, AGTCACCAGT, 16
0, 99, Right28, GTCACCAGAA, 12
0, 99, Right28, GTCACCAGAC, 44
0, 99, Right28, GTCACCAGAG, 15
0, 99, Right28, GTCACCAGAT, 23693
0, 99, Right29, TCACCAGATA, 52
0, 99, Right29, TCACCAGATC, 23671
0, 99, Right29, TCACCAGATG, 24
0, 99, Right29, TCACCAGATT, 30
0, 99, Right30, CACCAGATCA, 23665
0, 99, Right30, CACCAGATCC, 70
0, 99, Right30, CACCAGATCG, 48
0, 99, Right30, CACCAGATCT, 35
0, 99, Right31, ACCAGATCAA, 60
0, 99, Right31, ACCAGATCAC, 111
0, 99, Right31, ACCAGATCAG, 60
0, 99, Right31, ACCAGATCAT, 23555
0, 99, Right32, CCAGATCATA, 2504
0, 99, Right32, CCAGATCATC, 20705
0, 99, Right32, CCAGATCATG, 204
0, 99, Right32, CCAGATCATT, 141
0, 99, Right33, CAGATCATCA, 59
0, 99, Right33, CAGATCATCC, 64
0, 99, Right33, CAGATCATCG, 48
0, 99, Right33, CAGATCATCT, 20570
0, 99, Right34, AGATCATCTA, 67
0, 99, Right34, AGATCATCTC, 20476
0, 99, Right34, AGATCATCTG, 20
0, 99, Right34, AGATCATCTT, 40
0, 99, Right35, GATCATCTCA, 16
0, 99, Right35, GATCATCTCC, 194
0, 99, Right35, GATCATCTCG, 20255
0, 99, Right35, GATCATCTCT, 54
0, 99, Right36, ATCATCTCGA, 67
0, 99, Right36, ATCATCTCGC, 328
0, 99, Right36, ATCATCTCGG, 205
0, 99, Right36, ATCATCTCGT, 19656
0, 99, Right37, TCATCTCGTA, 19504
0, 99, Right37, TCATCTCGTC, 97
0, 99, Right37, TCATCTCGTG, 30
0, 99, Right37, TCATCTCGTT, 30
0, 99, Right38, CATCTCGTAA, 34
0, 99, Right38, CATCTCGTAC, 56
0, 99, Right38, CATCTCGTAG, 26
0, 99, Right38, CATCTCGTAT, 19400
0, 99, Right39, ATCTCGTATA, 17
0, 99, Right39, ATCTCGTATC, 35
0, 99, Right39, ATCTCGTATG, 19300
0, 99, Right39, ATCTCGTATT, 88
0, 99, Right40, TCTCGTATGA, 94
0, 99, Right40, TCTCGTATGC, 19049
0, 99, Right40, TCTCGTATGG, 92
0, 99, Right40, TCTCGTATGT, 81
0, 99, Right41, CTCGTATGCA, 83
0, 99, Right41, CTCGTATGCC, 18976
0, 99, Right41, CTCGTATGCG, 24
0, 99, Right41, CTCGTATGCT, 37
0, 99, Right42, TCGTATGCCA, 13
0, 99, Right42, TCGTATGCCC, 96
0, 99, Right42, TCGTATGCCG, 20994
0, 99, Right42, TCGTATGCCT, 29
0, 99, Right43, CGTATGCCGA, 101
0, 99, Right43, CGTATGCCGC, 428
0, 99, Right43, CGTATGCCGG, 461
0, 99, Right43, CGTATGCCGT, 20098
0, 99, Right44, GTATGCCGTA, 124
0, 99, Right44, GTATGCCGTC, 19934
0, 99, Right44, GTATGCCGTG, 82
0, 99, Right44, GTATGCCGTT, 59
0, 99, Right45, TATGCCGTCA, 29
0, 99, Right45, TATGCCGTCC, 146
0, 99, Right45, TATGCCGTCG, 176
0, 99, Right45, TATGCCGTCT, 19789
0, 99, Right46, ATGCCGTCTA, 12
0, 99, Right46, ATGCCGTCTC, 61
0, 99, Right46, ATGCCGTCTG, 42
0, 99, Right46, ATGCCGTCTT, 20107
0, 99, Right47, TGCCGTCTTA, 99
0, 99, Right47, TGCCGTCTTC, 19759
0, 99, Right47, TGCCGTCTTG, 86
0, 99, Right47, TGCCGTCTTT, 274
0, 99, Right48, GCCGTCTTCA, 31
0, 99, Right48, GCCGTCTTCC, 258
0, 99, Right48, GCCGTCTTCG, 41
0, 99, Right48, GCCGTCTTCT, 19520
0, 99, Right49, CCGTCTTCTA, 24
0, 99, Right49, CCGTCTTCTC, 200
0, 99, Right49, CCGTCTTCTG, 18956
0, 99, Right49, CCGTCTTCTT, 443
0, 99, Right50, CGTCTTCTGA, 138
0, 99, Right50, CGTCTTCTGC, 18689
0, 99, Right50, CGTCTTCTGG, 199
0, 99, Right50, CGTCTTCTGT, 184
0, 99, Right51, GTCTTCTGCA, 27
0, 99, Right51, GTCTTCTGCC, 334
0, 99, Right51, GTCTTCTGCG, 101
0, 99, Right51, GTCTTCTGCT, 18360
0, 99, Right52, TCTTCTGCTA, 9
0, 99, Right52, TCTTCTGCTC, 100
0, 99, Right52, TCTTCTGCTG, 77
0, 99, Right52, TCTTCTGCTT, 18264
0, 99, Right53, CTTCTGCTTA, 45
0, 99, Right53, CTTCTGCTTC, 194
0, 99, Right53, CTTCTGCTTG, 18221
0, 99, Right53, CTTCTGCTTT, 497
0, 99, Right54, TTCTGCTTGA, 16498
0, 99, Right54, TTCTGCTTGC, 886
0, 99, Right54, TTCTGCTTGG, 645
0, 99, Right54, TTCTGCTTGT, 410
0, 99, Right55, TCTGCTTGAA, 15827
0, 99, Right55, TCTGCTTGAC, 533
0, 99, Right55, TCTGCTTGAG, 140
0, 99, Right55, TCTGCTTGAT, 152
0, 99, Right56, CTGCTTGAAA, 15235
0, 99, Right56, CTGCTTGAAC, 440
0, 99, Right56, CTGCTTGAAG, 103
0, 99, Right56, CTGCTTGAAT, 102
0, 99, Right57, TGCTTGAAAA, 14981
0, 99, Right57, TGCTTGAAAC, 425
0, 99, Right57, TGCTTGAAAG, 82
0, 99, Right57, TGCTTGAAAT, 92
0, 99, Right58, GCTTGAAAAA, 14020
0, 99, Right58, GCTTGAAAAC, 684
0, 99, Right58, GCTTGAAAAG, 171
0, 99, Right58, GCTTGAAAAT, 353
0, 99, Right59, CTTGAAAAAA, 12757
0, 99, Right59, CTTGAAAAAC, 941
0, 99, Right59, CTTGAAAAAG, 354
0, 99, Right59, CTTGAAAAAT, 281
0, 99, Right60, TTGAAAAAAA, 10470
0, 99, Right60, TTGAAAAAAC, 1569
0, 99, Right60, TTGAAAAAAG, 549
0, 99, Right60, TTGAAAAAAT, 614
0, 99, Right61, TGAAAAAAAA, 7402
0, 99, Right61, TGAAAAAAAC, 1795
0, 99, Right61, TGAAAAAAAG, 631
0, 99, Right61, TGAAAAAAAT, 867
